K,N,L,ABUpdates,EUpdates,SyncAB,SyncAE,KeyA,KeyB,KeyE
3,2,2,24,17,100,87,c01abfa18e03d2502f682f5d66b1ced423ac70d4cfa4d6dbfdb2d2c25c4741c7,c01abfa18e03d2502f682f5d66b1ced423ac70d4cfa4d6dbfdb2d2c25c4741c7,ec60b9b543e5527f80f59b92cf9e42c215a6f36cd1f938ea90f49a43955ba72b
3,2,2,43,25,100,91,40804934992ca25fdff9fc930ffeeeb4bd73bf29ef70fd2fc5e05101431f99f2,40804934992ca25fdff9fc930ffeeeb4bd73bf29ef70fd2fc5e05101431f99f2,bc3ce506ba6ee12e69f3595ea3dd9b04fe4eeeafdad5accfd367abd2bfd2cbc1
3,2,2,30,12,100,33,cc730ea3257aebbb0d0108c734876353c07eabe89c2ce725452d257ba846fb19,cc730ea3257aebbb0d0108c734876353c07eabe89c2ce725452d257ba846fb19,e04e8cfa66745ca67feb6bba5e7df1fdbbf89ecfbab29880febcebf841bb4f3d
3,2,2,25,14,100,45,e2b240a39aa9cb0c1c3fe54efb4889c6271d92e3fe250737aa9f6f895f04af72,e2b240a39aa9cb0c1c3fe54efb4889c6271d92e3fe250737aa9f6f895f04af72,8521db8f3b5311830bd89cf292b8b06e622393e04c262c5215b5a65b2127ce06
3,2,2,21,8,100,75,1f3ea226c493cb30227cbb1b309b0aef98c99563e43fa2b3819dfd8b437265f3,1f3ea226c493cb30227cbb1b309b0aef98c99563e43fa2b3819dfd8b437265f3,1f563d9a5d5917fb375d8def67279e86f806d0fd19846137b6e8652db85c5d13
3,2,2,15,11,100,75,40db501d2f724068c79dea238d59b0ba14fa7e56fba14139828e051e86626325,40db501d2f724068c79dea238d59b0ba14fa7e56fba14139828e051e86626325,a0133da89620c5817dac6c806e7ee27fef3b2b396d61236cd06c86a5ee40af99
3,2,2,14,9,100,66,fff504c12d8ada9323eca6c541b7774e0754c11385212ecb002e4f14785c313b,fff504c12d8ada9323eca6c541b7774e0754c11385212ecb002e4f14785c313b,d7b32edf6adbcd89b54bfb43c602b842e0d5622cededcd97d7b4ea99f2078c3d
3,2,2,48,47,100,100,3de32d1066624e231ecd281e6fade73ac43f302a1af4df7831a62c743f970989,3de32d1066624e231ecd281e6fade73ac43f302a1af4df7831a62c743f970989,3de32d1066624e231ecd281e6fade73ac43f302a1af4df7831a62c743f970989
3,2,2,31,21,100,62,47878cb470f195c5692ca2688f400e4af2427bc7467ab5223d1c296d01bba48a,47878cb470f195c5692ca2688f400e4af2427bc7467ab5223d1c296d01bba48a,ed8c93f338e31d1294c52df86423f232243aa6664ac2fe5ba2676d8f29ab6834
3,2,2,44,18,100,62,97331aeb8131c9009a5a56d6b5465bc5b652ed850a272aac7e693bf5d1b39a78,97331aeb8131c9009a5a56d6b5465bc5b652ed850a272aac7e693bf5d1b39a78,fbe4beafbb3d6b69c0d7083f6f280a981cf50756362dfcbf12f65c733f621128
3,2,3,65,32,100,75,01ad1f23375c9ea172e33c85c2b363b40a6dfdb9e77f3e0451c6e56c1a1db05a,01ad1f23375c9ea172e33c85c2b363b40a6dfdb9e77f3e0451c6e56c1a1db05a,107ac169f334a738a1ec904d18b997135b9e186e222a8aba737cb0f2109e0cc6
3,2,3,24,16,77,69,f8e329d109fbdc168a91d8d00d2307e1595c2eb024d48569b6621fd58cb4d6b9,34b933f942fcaa1cf9a540ec23be6e60056184648128e9c6a5ecc33629a82025,fd94aa45853eaf80026b8ae346a13421b35842e1c0537ffee149242049c2aa33
3,2,3,31,19,100,88,32c19a18952632b6cee2a182624913b21720901dd5a5ceb2da03b5fcdc831892,32c19a18952632b6cee2a182624913b21720901dd5a5ceb2da03b5fcdc831892,964fac4afcf5b8ba6654940f68f5cd1d4d8770b4313e6b18519373f7f265d33c
3,2,3,37,12,100,72,a5e4b4607c4ff7ef19b73cb2d723dbb4d980a37e56a608d9b65152fdc878cdcb,a5e4b4607c4ff7ef19b73cb2d723dbb4d980a37e56a608d9b65152fdc878cdcb,5f76fba15a7bb3747b11afd17983b8ef0a4d6c06beec6ab79331f52c533ce982
3,2,3,52,35,100,72,7ba48b2ac48b29bed01d5e52902dd50c6811fb78beda7e748ba710d11f584b8d,7ba48b2ac48b29bed01d5e52902dd50c6811fb78beda7e748ba710d11f584b8d,db022d40b405ff2583287dd8caa5cd1b0839a9fd912327be38f8de055b0253a5
3,2,3,68,34,100,75,7dcb9a599fb55c23efb269c07bfbd40686349c7e7fe97264883d655bfccc9e00,7dcb9a599fb55c23efb269c07bfbd40686349c7e7fe97264883d655bfccc9e00,e9b2796278be329f02e919c81206ed64d9fbe10ccc6b03e72e00cd1e639e9764
3,2,3,66,39,100,55,8f08682ba9bdc489523ef67ff583115994dc4aee0209371e3b98c0c5141a0ea0,8f08682ba9bdc489523ef67ff583115994dc4aee0209371e3b98c0c5141a0ea0,6c18ad1dbb24c6590ecf67fc319f574cebee1510616f43b3379c725e0a36e213
3,2,3,71,37,100,50,ad137b0f95bd4f4275739a031f83c00287b864ada89e8f1c12be9d17ad572395,ad137b0f95bd4f4275739a031f83c00287b864ada89e8f1c12be9d17ad572395,9da52c2c270e2f1351fc3599ebed1d8e433368fe0ecede61fdff1e50f3160c0c
3,2,3,30,14,100,86,ce2884d8ca297b79e892904da9937356c429538a9464f4529050fd25c6d40916,ce2884d8ca297b79e892904da9937356c429538a9464f4529050fd25c6d40916,e658dfcec92bd635a63e20f38978673400f510aa244dd77a8cc71d7899429d69
3,2,3,33,19,100,83,33dfa0c9d3e5892d1cd7fbd2096cc8ba918de6164cd70c5ad380874c18d80c90,33dfa0c9d3e5892d1cd7fbd2096cc8ba918de6164cd70c5ad380874c18d80c90,fdc93d2862391b74425165e4faabb88ea22b41707cb0867a3a1fb386745a81ef
3,2,4,20,11,77,70,0706cee161c44c9d4ecc87ba47fd46c47dad6018ce5819c9d84fe9ccd4adaa70,a6442302b22f01ee6a64bd75a95e08ac89b6f22cfb945f37c9a0bd42b58fcae5,387cfdea2c1e2c5e14e08828b589ae678472130850fdb2a1533bedfa08b261ef
3,2,4,71,39,100,43,d41b19c1567f06b00a07358e8df91ab1ddafe28ba248704a8cfb7a74dd2eaf29,d41b19c1567f06b00a07358e8df91ab1ddafe28ba248704a8cfb7a74dd2eaf29,66e689364de6c46e853f83b25b79e944ac562c79eee778c1efb1f40dc9959d4c
3,2,4,25,4,83,75,c2a2826f50a14a0bfe4dc7700eb7b339d1f7a246dedf7c9d3e00691aa7da883c,29bce1f10a75e76f50c6dcf084b2581f044c8002eeed7cb2aa44e989748dbaf2,c427801d746be76b9a90ad9b5fe17bfd1c4c02320cafa213a88b146b7f2a39fd
3,2,4,54,29,100,79,242724096b1341d0d11d34237811ce539c7f2d27e6cdfaa2e30e9d38a63aca33,242724096b1341d0d11d34237811ce539c7f2d27e6cdfaa2e30e9d38a63aca33,fd5a60c77af4fb5a5a344f02651a237b258956295bce5da6f1e99468e0d5ed00
3,2,4,87803,87236,95,97,9c78006315ed79c2b75566adf251b2e5d76d6008e39138ccf127fdd653a8ea33,389022437eebab6fa111497dcdd3c30ba351201b99a8d01d67edb63c6443c7d7,84340b5c8ce2b42382e93085bdef5e9b6691d9fd7032787be2a715065c377df4
3,2,4,22,13,100,77,6ea33f383e4c0b39656046435f9aa27c43ccb952f0fc6dbf687373d88f2506b1,6ea33f383e4c0b39656046435f9aa27c43ccb952f0fc6dbf687373d88f2506b1,2a52c5bffff2b75d9c4621428ad7564024682823527a3ae0995519e86f1b4357
3,2,4,152,128,91,91,91a279159d30062344e04fab2c9af419b82e3fa7b7bf33c393586d3861561166,c104ecb3cbfdafbd13d6d0ec1962fc1e7f29511ceb217522ceaf9e50ac5adc88,c104ecb3cbfdafbd13d6d0ec1962fc1e7f29511ceb217522ceaf9e50ac5adc88
3,2,4,105,60,100,75,eea62c186aeaa9559ffe301aad31ee489bffda92a7a1805d8da17ec79d34bd54,eea62c186aeaa9559ffe301aad31ee489bffda92a7a1805d8da17ec79d34bd54,38b1fc0a1d6fa14ed2d8b933350ca41e25fd0f15409ddce964f5f6eb719b3da0
3,2,4,55,29,100,77,f09d04066a801e276e6114b875cde5b5e1f072f6d59120e145d6e72e3e08d7e1,f09d04066a801e276e6114b875cde5b5e1f072f6d59120e145d6e72e3e08d7e1,953735f3cbedc862caea8fd30031840d4ebb430b1480cc2269c2e73d351af107
3,2,4,252,166,100,75,2ff7defb46c096de24d70d00c4db75133e77a0941c8e1a90c75c378b77ef4335,2ff7defb46c096de24d70d00c4db75133e77a0941c8e1a90c75c378b77ef4335,61b87db5647014490c7796c5f0c3f7e9130f7c0a643308c782210cad4efc2d03
3,3,2,41,23,100,69,7ae0c8423f5d2b9c28996119b0f5b9247ef9aed257c91e5b4115f5c1335090a8,7ae0c8423f5d2b9c28996119b0f5b9247ef9aed257c91e5b4115f5c1335090a8,7033e21581dc7a77f36bc28e20f42a6fb18736ff9a02714e5fe8d92df1323c7f
3,3,2,30,16,100,77,1b2b7df657a61b0979826559d5677ec3745ba7ea023373926e737256e2675506,1b2b7df657a61b0979826559d5677ec3745ba7ea023373926e737256e2675506,7ecd33031ae318b8069337c62cfcced332a66dbb4dec6657f13ec28978d31453
3,3,2,88,55,100,52,e93b2f5243dfc40302560ba4c0fe97d250cc9459c27ef2e400ed48f6d7339da6,e93b2f5243dfc40302560ba4c0fe97d250cc9459c27ef2e400ed48f6d7339da6,9d762aa8020a25a8f4e591bab9344ea17b59a28beb979bd456065898afaaa139
3,3,2,41,22,100,66,8a4216e208bbbee2a81b4417c90f464ec92f43c898a610185290461196c7bd85,8a4216e208bbbee2a81b4417c90f464ec92f43c898a610185290461196c7bd85,9ba7daa23daf8d5806e03b94d318f0ff83ee4bfd8046002acbdb2d4c0067a949
3,3,2,16,9,100,80,148c204f99669422e2e22bcf58496f44b857866c3c530af9fa7344a44360e214,148c204f99669422e2e22bcf58496f44b857866c3c530af9fa7344a44360e214,8d78bde2846a456f726c3b60b7a346b327a56238da651f24dc59e5ccb994d2be
3,3,2,49,25,100,72,5004e3898938282d551ffb3e950fbc8e82045f260d27b08061b409839cba0c43,5004e3898938282d551ffb3e950fbc8e82045f260d27b08061b409839cba0c43,7b06e170526492c59f3f17ae0c20bc69d79a16c23d20e7f8fea81ca9b0134667
3,3,2,27,13,100,47,e674c9e7f0214a0242b3d384681ec0c052a420d30c12aec6dda88060fb36706c,e674c9e7f0214a0242b3d384681ec0c052a420d30c12aec6dda88060fb36706c,1539b7312998529345930e2f625af89892d2c2590e7c80b59ab16268c34b98cb
3,3,2,58,27,100,88,26fa5965eafabf59c42c5104794844ad513d5ea1aba69e4de1e92d9e08e0d686,26fa5965eafabf59c42c5104794844ad513d5ea1aba69e4de1e92d9e08e0d686,b7f37a61a1bc0e42dd56dad96ecefe59a559e929384d0439921ac4a222e9060c
3,3,2,69,56,100,100,a33801673bff763b18a14a9fa7ab9a22e926c9fdae6e01625d948f12539af09f,a33801673bff763b18a14a9fa7ab9a22e926c9fdae6e01625d948f12539af09f,a33801673bff763b18a14a9fa7ab9a22e926c9fdae6e01625d948f12539af09f
3,3,2,34,19,100,83,9435f3da21c9ac6259655507fa5b5f74a070e865d43a0dcbd999eadc7a29b436,9435f3da21c9ac6259655507fa5b5f74a070e865d43a0dcbd999eadc7a29b436,e41a4ffb99d0a0c4ebcd8ef6308c83481babc45bc6ad36693bafdb67d340649e
3,3,3,102,55,100,75,eb5c8905ba87a01c042ad5b0907dacf93cab19a81c1199b2bc23406807805b83,eb5c8905ba87a01c042ad5b0907dacf93cab19a81c1199b2bc23406807805b83,206cd1dd59cdc4ae33c2e2c6595033c5d17b3e5ef527c20208cc0607b6c55161
3,3,3,36,20,100,70,f691ab3b186fe01abd487047526e95fe4efc54fe113c9389ecfb4e7f370e4e5f,f691ab3b186fe01abd487047526e95fe4efc54fe113c9389ecfb4e7f370e4e5f,3d5415c031226fea5e81511df93a59c17f6c761763214f1a6aff280b0ec947bf
3,3,3,50,29,100,68,a6850ab46df84f1879adfd9fbc113474c66e4e12e08c1eca1bfee51e1a9775af,a6850ab46df84f1879adfd9fbc113474c66e4e12e08c1eca1bfee51e1a9775af,dd2d7b919d2e252dc69722b492e8526721bdcbed73de5c7e5055c6556a7786a5
3,3,3,51,30,100,83,0c437cfc27bad47457d9feda5e11fe6d5c805fc9885b4c5dd764b5c07b2bd202,0c437cfc27bad47457d9feda5e11fe6d5c805fc9885b4c5dd764b5c07b2bd202,0df9eb27484face7fd4cfbe087344770d58013374fd88061aacced9c02a36100
3,3,3,77,53,100,87,7359a1f049cf4b8ea376aa2de127e4f5f82f976d7cbcb6ad9e40806baa8c904e,7359a1f049cf4b8ea376aa2de127e4f5f82f976d7cbcb6ad9e40806baa8c904e,1ad8947c2641ce451f537bc416b6a72dda7821c51651733040958b64f9589c9f
3,3,3,68,32,100,79,28e3a9b02c54e40793d4aa1f006589d1d284797a480f34ea0410fd3b392bf771,28e3a9b02c54e40793d4aa1f006589d1d284797a480f34ea0410fd3b392bf771,a1297ff3d5bd79bcf1a802e92aa3e4e33580f069609f5add41eccc46f6e57c9c
3,3,3,88,43,92,77,5358183a64370fa3742e3635a9a8fa575764581158d796c594e2a2dbf2e32b0d,81f4f2077216b1e4cabd400125e0882b53e4025e222786dcbfa4100c2a7b8798,5808ac192f3f071c4ca8a509d18ff3e912ca2dbec3c3612b388300ab426c5d48
3,3,3,60,32,100,50,2b98b539885d9b9fbd52b545f78eb41db05a37d9d04e020fc4cb18e29fb8a34e,2b98b539885d9b9fbd52b545f78eb41db05a37d9d04e020fc4cb18e29fb8a34e,b9d4183ab55e868dc5254c1a698a3eb4068fdb9051889cf6eedf36ddc98d2aaf
3,3,3,86,46,100,77,2101719c9da1ae7c2aa02d88aa9f60186ab39a4dbf4777612c0b4d7953eadc5b,2101719c9da1ae7c2aa02d88aa9f60186ab39a4dbf4777612c0b4d7953eadc5b,3341319035deb4657b7918009e253836be83ab12eec3267cd16a888a99241a25
3,3,3,92,42,100,70,301003ed67430c44d9d7016de84ad38e445db9bdd87519638fecdf6c2e809032,301003ed67430c44d9d7016de84ad38e445db9bdd87519638fecdf6c2e809032,32c7b7451672813d3e6611c5ac77d9dcd8fe123e151f7a222a78cc0e640eda76
3,3,4,87,50,100,76,6fdeb1464fd38db21495c9c1ee94631d4be53d70edd24b0bbc0d913e9b140b8a,6fdeb1464fd38db21495c9c1ee94631d4be53d70edd24b0bbc0d913e9b140b8a,66447ea417ff4779c54f56814ea1cb6f31252600be6d90aef0a175446ff39686
3,3,4,191,127,100,75,2f1c84048c2c65e8174ae69b19ecf8d21b7d03a5cd0035bbff869f07a6307278,2f1c84048c2c65e8174ae69b19ecf8d21b7d03a5cd0035bbff869f07a6307278,e34f37ab1684b90a764266542317105ac2c8a76185b02c0303eb4196697540af
3,3,4,117,56,100,55,26dbbc427b14862eeb4778c0847463b5bc9ebcc7fb5110cbe21030280ae56b03,26dbbc427b14862eeb4778c0847463b5bc9ebcc7fb5110cbe21030280ae56b03,33dccb41b93a327163c2bdae5eb0dd454c1b9a593a29e705ddf6e0d1bceb26f7
3,3,4,101,41,100,72,5b4dbd1ac1efac9a2b2dc84641c51f97ee03044d1ab86d0b7a3fca42db0645ce,5b4dbd1ac1efac9a2b2dc84641c51f97ee03044d1ab86d0b7a3fca42db0645ce,378706d0283efd9e274c1c02b78f84c2e39e6012f4dc3973a6458c85b47d2925
3,3,4,165,78,100,84,783518b92a837c386d08357a85ffc468d7ed1d8fa29246352be3f62e283e75d3,783518b92a837c386d08357a85ffc468d7ed1d8fa29246352be3f62e283e75d3,93e7fac3e3fb802c594f63510223f9595b811cb6d4dc8b7e4076d131e070788e
3,3,4,281,148,100,94,9307113dd0cb015bfb2b23e211da7c739f88c5955c108e7307b05cfcff4d5705,9307113dd0cb015bfb2b23e211da7c739f88c5955c108e7307b05cfcff4d5705,5e948b0668601bc7807847833ddc85c8cb2e5e3af87b9044b8133593fe1fa701
3,3,4,93,44,100,75,c4eff511eb045c89afc952110a06ab0b5bde0868638f86210225c2e5e28e0019,c4eff511eb045c89afc952110a06ab0b5bde0868638f86210225c2e5e28e0019,e7c500ac8c4c60db4289616442cddf4870f9cc45c045259dfe0571ba7d147df8
3,3,4,91,57,100,63,78c0bb53ea69b3167c78d27be1b431d8c4d4501b28a73714c03d74ebc7634d16,78c0bb53ea69b3167c78d27be1b431d8c4d4501b28a73714c03d74ebc7634d16,5a73b8df1fbcef63d1915ef298de74dfeb21ffbb624a6584fc8f878353d12dd0
3,3,4,120,59,100,87,08d42d41e2172a5dd81a71461c042916f109bff182fb2b8036ab46b48c32e2ae,08d42d41e2172a5dd81a71461c042916f109bff182fb2b8036ab46b48c32e2ae,c69d4864e2b46cc3aefe9ff2fb8c84507694ee39156feac6ee3136d348da5733
3,3,4,218,117,100,65,6034933a2d39f7437ef1da3f81f054f04d27c2445776c2934c8a00c3d94c5ee0,6034933a2d39f7437ef1da3f81f054f04d27c2445776c2934c8a00c3d94c5ee0,f385fe860ec44636f1458e29d77c9abd67b99e1f3fed3b15b10f30eafa7d3208
3,4,2,34,20,100,62,b849cd74f22370128000060e348d0d4d3d554e75d66014b50b5c1ca9345d55af,b849cd74f22370128000060e348d0d4d3d554e75d66014b50b5c1ca9345d55af,c1c8d408e1165f4d8007ac1311a7a6cc07711b71c310a22f87be0690e01dfa44
3,4,2,55,27,100,60,352b07e2f09947867cb40ab3cbb8c61d4ab9a7b51855203031e0074ca96032d6,352b07e2f09947867cb40ab3cbb8c61d4ab9a7b51855203031e0074ca96032d6,df11703f923247b25b2f2627a4ee4bdabe7db13d86a0d170459b9888a1ddbc23
3,4,2,24,11,100,54,7a2dd4fe251759b5fe150c1fcf64dfe14b1c6514a4f5f9bb158035eddb440177,7a2dd4fe251759b5fe150c1fcf64dfe14b1c6514a4f5f9bb158035eddb440177,a07c928cd3d63f9a101a00ab6fdb40a9bc50566edd635ea5e6136639480abe7b
3,4,2,55,31,100,64,cd8ecd4d5f25379b88d1b0ef44e329517045ba1dbd8db042dfd1c75142a0a5d6,cd8ecd4d5f25379b88d1b0ef44e329517045ba1dbd8db042dfd1c75142a0a5d6,3f49b25b6471a2e70d11e25e9c3d6c556b0cc78502898b9448f6b283b1f383cf
3,4,2,32,26,100,91,4276bb2d4fde6912ab082b4f781baabd40b1df1e244123546410e61225025645,4276bb2d4fde6912ab082b4f781baabd40b1df1e244123546410e61225025645,f72bce6fd914865ea8c7bb9b23656ff26ff543fb76ca39d5928c17e2d92e4a10
3,4,2,48,23,100,68,f117425507df213fa0e6c135323954772f3cf0c11f3c3467eee5539631f92067,f117425507df213fa0e6c135323954772f3cf0c11f3c3467eee5539631f92067,4497629872b32b6a3d6635537b01f2a3e74aa452a089a4a0dc9c805b86450790
3,4,2,24,10,100,72,34ddc4642198582adeee9c2277eae1afd3f59955d516d852ff18c57fd0684513,34ddc4642198582adeee9c2277eae1afd3f59955d516d852ff18c57fd0684513,732876d64d0f244fd8b9add690a33a8aaa5a05377f4a9c0ef67c18ed3ed05229
3,4,2,32,14,100,77,6ab99574da3d2125a867283af8a87ab3619d2c8dcf183acec2b5dc9a773e470f,6ab99574da3d2125a867283af8a87ab3619d2c8dcf183acec2b5dc9a773e470f,474567feea0771d7e75344abbf903c7f8c5cdc17c6d44f980a62858da7c3cdc4
3,4,2,50,31,100,91,4bbdd5641727f06ea3ccd654cb9039a9e6b907c0466df2484de46b803acc45e3,4bbdd5641727f06ea3ccd654cb9039a9e6b907c0466df2484de46b803acc45e3,b642ab3cff5b6a338215ade6ad925f835d382f552b749523962809bf991eb877
3,4,2,31,15,100,85,4e035e37c946cb9647aee7bb3b67b7c3478770d5e31def743fd9d9021720cc5a,4e035e37c946cb9647aee7bb3b67b7c3478770d5e31def743fd9d9021720cc5a,9251544ea29e24402c7bf2e0fa27fdea8452b73d36b8732413b262ebbb809dd6
3,4,3,70,35,100,70,d2c66852400225d02336f49e9af37aa227f59c6f8efe05c30292db71a6a1572a,d2c66852400225d02336f49e9af37aa227f59c6f8efe05c30292db71a6a1572a,0e38502d8235ece2af3faf851ca6b0a4179cb6103a5ff31d10e5fd6671fa02fd
3,4,3,74,38,100,63,8270ec344f180c47b33b6d45997aa136864cddae46e5cd4a160ee1b06203ded4,8270ec344f180c47b33b6d45997aa136864cddae46e5cd4a160ee1b06203ded4,c71af8ec047ddfc976d6199ef6a956093fb82926097fc168d4c2b2e0737b3acd
3,4,3,57,24,100,80,d29d1328bed51c167d271017a02b1e029a6de99bb6d16bea86d214c14156c7c0,d29d1328bed51c167d271017a02b1e029a6de99bb6d16bea86d214c14156c7c0,c9350b12fa08c41a4433d6c187a75bae203463d890ad83483504b9027787eca7
3,4,3,66,30,100,76,a855b55a60fe152f80538ba9a5e4d00647d0bd85496df846031cd0d9b8a733c7,a855b55a60fe152f80538ba9a5e4d00647d0bd85496df846031cd0d9b8a733c7,fc91907d0ab97a8a603bbde9db293da73db87c282bf28655a1498bc5dfb97308
3,4,3,166,94,100,97,d5bdd01f86fdbb8bf715ca54f372c380ae3629856f64d6dcd4f47fc644199a5f,d5bdd01f86fdbb8bf715ca54f372c380ae3629856f64d6dcd4f47fc644199a5f,2310b5a7612ebeca41c83ad8dd4f5a24beadbd1e0324247c6fae870835eef77a
3,4,3,147,81,100,69,11f381c0088685526a1ec5486f3239d30aa751c748455e1f2deb7b50b324961c,11f381c0088685526a1ec5486f3239d30aa751c748455e1f2deb7b50b324961c,97163c810441ceb45eda9b93d591eee2e402ae97031e35646beff64f7de3c255
3,4,3,60,35,100,65,a840f9fc3be376bb1e8921b435cdff28e5f7e5fb8acd5cc04b55f19ab4ba7324,a840f9fc3be376bb1e8921b435cdff28e5f7e5fb8acd5cc04b55f19ab4ba7324,fa186055d4538dc62c99dfa755abe51963199788a196b23eaee4c8d057751b77
3,4,3,197,113,100,75,ebbeeb1c302827f44d2ced9bac700e668ffba165131adb76176f27e7f709e34c,ebbeeb1c302827f44d2ced9bac700e668ffba165131adb76176f27e7f709e34c,281032e5e7fba3c0cb954c75c974cebd0f3359d53719c37e3bd75f2c11143c9c
3,4,3,77,49,100,93,a41ce3dcdf5f5dfbdccb853c35d4cafd5c70186158c8bd37f32535d2ee2d5e4e,a41ce3dcdf5f5dfbdccb853c35d4cafd5c70186158c8bd37f32535d2ee2d5e4e,b84f2c5c050171aed0b823abca7824b583dd2ef958d7e980d9f915af527c6db6
3,4,3,188,93,100,98,2f7a28fd4787df67a81c5be7d79a423e968b1e5cf2157efbffe343ee8ad924e1,2f7a28fd4787df67a81c5be7d79a423e968b1e5cf2157efbffe343ee8ad924e1,666488427e39753a650757432a0b425669ea81ad7f8dff1862194a2e4fd35f8a
3,4,4,495,233,100,72,c95567c4cbb9b6a090d051b159e7827b83b9eb0838037b7aee874b0e4b279b9f,c95567c4cbb9b6a090d051b159e7827b83b9eb0838037b7aee874b0e4b279b9f,426b4da078bbddc423b97959569d709b606bfbb25e3b9eee7440aec68ffc76a6
3,4,4,186,100,100,51,17ce0c7a2f9c59a06616cd9b385ca7e33043f7090c23e66e148f6957012d6d97,17ce0c7a2f9c59a06616cd9b385ca7e33043f7090c23e66e148f6957012d6d97,0eb9aa406d1ec9e1a45a78095e8320341bbb15b409a48b061d679c238f78ff8f
3,4,4,116,53,100,61,41fc877b4bac5c36c44a2adc1e67e241aa5e88b0bac4369ed7c65bc871fdae72,41fc877b4bac5c36c44a2adc1e67e241aa5e88b0bac4369ed7c65bc871fdae72,6030816b60e27cb3af8b0e446f1bdd2c33a1013d61a591cf6d4506c19bc347e8
3,4,4,145,87,100,65,b4dbb710251a551f7b1b62e67c46c39f4b7311da51f1282934b83a71cf542c7c,b4dbb710251a551f7b1b62e67c46c39f4b7311da51f1282934b83a71cf542c7c,06dc125ea665bf2c689e5a73c87a1c01f8943fbb9fa0b0b39bbd1cd1e0a9d989
3,4,4,194,118,100,92,2f1038dc31b8dbeb0f1618407454dc1d7766a5e550ef3483b0b5e0a760ff7e71,2f1038dc31b8dbeb0f1618407454dc1d7766a5e550ef3483b0b5e0a760ff7e71,ed098c58aeb715fc95624436f36ac77394a8460deb1becee462446931a7c34b3
3,4,4,254,122,100,71,4f58cea3b669f09995e430b39562eb1e46c9585975da3177ad4147c81b3fff0d,4f58cea3b669f09995e430b39562eb1e46c9585975da3177ad4147c81b3fff0d,db9ceea2b08e14879bb67826d1d1fa93c66ab3c620b042a3cf09b6ddadae0020
3,4,4,191,97,100,78,9cbd30cb93b8fc008b6ab12ce78e6dbc3645e37f3396b01dcab5e66e04be708f,9cbd30cb93b8fc008b6ab12ce78e6dbc3645e37f3396b01dcab5e66e04be708f,d94f9bf96c18e321a6d3d330f8605b89c729328fe0673eebc133f5952a5a8bfc
3,4,4,180,88,100,73,ae1c180765e3b79bbf8231cb49e7416cb263ddd8b2096b4ff5f9836c9ce29e74,ae1c180765e3b79bbf8231cb49e7416cb263ddd8b2096b4ff5f9836c9ce29e74,dc746d84599ff5e648d66a125914e76142812ca136091555206bbe4e7a6cb774
3,4,4,257,126,100,60,b7cfb3b480e8823dfdd86cb4ec91b534abc38d377e24aa8ae698e64bb8abf52f,b7cfb3b480e8823dfdd86cb4ec91b534abc38d377e24aa8ae698e64bb8abf52f,6eec8393ab34bc56be5cc9b5a2c35f39a4023a7e288a388147e71298593ef94c
3,4,4,52,28,100,60,da09cdbfdafeefb4a4d9bbea97a5b31a67100c8ef051169833ed8ff187e48262,da09cdbfdafeefb4a4d9bbea97a5b31a67100c8ef051169833ed8ff187e48262,c12843fe265407fc0bffb8bb1ce9255f1c7075a8d7913a2b2c44a164987adf9b
4,2,2,25,16,100,75,a4a54107d49ea09a30a33625eb884d4abd026fdb046aa69f00e8349963a88ebe,a4a54107d49ea09a30a33625eb884d4abd026fdb046aa69f00e8349963a88ebe,bb4d232c4b32f667abc7450654a6dde2c90d2de9e5edcc3c21b3d8637b5df410
4,2,2,18,8,84,84,b160d0ad872c6922ece84390aae976d95fb86f3bb4e4a556cf3521ee56b5e54c,d9760ded968ddb8c7ba861038b5493239b8a1a7b6898490fc1f4b416eab52f95,c54970fc0360406b5db37dee1813a782446b556244c1bb43459ea2b671df4006
4,2,2,37,20,100,87,5adf11343e192f56c8fddfe619a8aab4580d82aeba5320236e9514f602b81f59,5adf11343e192f56c8fddfe619a8aab4580d82aeba5320236e9514f602b81f59,acf98492f40d052fd64fce245e422732f1f43c93ddbe0b969542784e08e73a7a
4,2,2,14,10,100,65,50faee1e829f4b9a29d059e9275281e25c7f9364c667fdff07e4878c9db5868e,50faee1e829f4b9a29d059e9275281e25c7f9364c667fdff07e4878c9db5868e,00bce37a0b22765174b54e28da2fc552e745a161cd42993fd773a59c08df7aa9
4,2,2,26,14,100,81,ec41228dda5f7a91b1961f6f6fb7829d3b590e5ab48b97cc214fde4844fa383a,ec41228dda5f7a91b1961f6f6fb7829d3b590e5ab48b97cc214fde4844fa383a,c170d940a5365b2076d0d5fcff848a4f1571df05ade3a7ab680f77583b9b721a
4,2,2,50,26,100,84,b6b8446d2d735d83f8a3d7334b2eae57376baf10403bf1ffe23d312adca123d5,b6b8446d2d735d83f8a3d7334b2eae57376baf10403bf1ffe23d312adca123d5,2a6c3d2cf2bc05c143ef7f65726d6f3a19e0fe5a0d876afc502a5ce2ffe13fd9
4,2,2,48,23,100,75,294c14524bd521108d831cae80facb02d67078ad09e15de2e33147c7b856d6f4,294c14524bd521108d831cae80facb02d67078ad09e15de2e33147c7b856d6f4,2aefd24a9f0b0a33d9d9ba85c6bc506d57628181f88da4f9d9ac055b99c0461f
4,2,2,25,14,100,65,84fbe3d5ebd73b133b672e67c4b679f7afbb63a99b80a4e0588d67e2a95cbc71,84fbe3d5ebd73b133b672e67c4b679f7afbb63a99b80a4e0588d67e2a95cbc71,e6dd44bf8a9f7661380abb7c5cf491eeaac6a88201bdeaf683bf9aefffdf1225
4,2,2,30,16,100,65,62bbc3c22d56340acfcabb1ca6143604c4789d43dda20a50f713881f445027ed,62bbc3c22d56340acfcabb1ca6143604c4789d43dda20a50f713881f445027ed,4649199770ba4f69e5e5a5cc5eb14f6c2619a4c910d9119a84933bbf6e5b9fa0
4,2,2,10,3,100,31,92b7b44bd9d030a4d7273c8cb9a4675619a401df31d0c95fb6b918be6bb495cd,92b7b44bd9d030a4d7273c8cb9a4675619a401df31d0c95fb6b918be6bb495cd,13ee2f0a6d593241e0cc4e79f710d4a46087755808ef75a6b5a68e1c4a06d971
4,2,3,82,44,100,70,e8fa52716ee5fae0df3044235356050c4f96e127f8356778468a644b162aa65e,e8fa52716ee5fae0df3044235356050c4f96e127f8356778468a644b162aa65e,e61c0695ac0254aaec500c119e2ba833aef3d8e8ee71cd12bd02345241b257a6
4,2,3,56,28,100,77,e76d8f125f9a52a423b60016ec0a21e18f73d8f6a9b9fbd7431be9d4403583f8,e76d8f125f9a52a423b60016ec0a21e18f73d8f6a9b9fbd7431be9d4403583f8,298e23025a7469ba0b74a8d24f27608a2bbc59cc927dffc71e55de8da6225572
4,2,3,104,56,100,45,6f45f4394a4bc31895bbff6b814aa8026c2b402ce5e3e50f78f2303171ccbc24,6f45f4394a4bc31895bbff6b814aa8026c2b402ce5e3e50f78f2303171ccbc24,61aa0bcd42ae2a230a17a1a72be943e0ba8c54629086692a4aa4616d88d00748
4,2,3,89,39,100,79,e05b67c4ae99676c96b2f570cd463f9a1fcb533c2bcc101f62764d79ba69d8bf,e05b67c4ae99676c96b2f570cd463f9a1fcb533c2bcc101f62764d79ba69d8bf,e40788f871f5a0153a4b88314fcbeada8bde53e2e313ee365408dcf2bf379215
4,2,3,76,38,100,75,3286881f6249ade543cacbe55e20ae43b245fc4628528d01b73e44358f7efd78,3286881f6249ade543cacbe55e20ae43b245fc4628528d01b73e44358f7efd78,f6a9db68389c52197f5e2ed354fed1e3925ee4e2172308dfa807c194f6f110b5
4,2,3,45,16,100,70,865b70b07d77582643da44f75e435c36abf79607b2c799bbd0aef95c215587ae,865b70b07d77582643da44f75e435c36abf79607b2c799bbd0aef95c215587ae,825af982b129a36d7910a66024db8e1e85f4eac25f1b07443850a20c3ba190f7
4,2,3,24,13,100,68,ad43775fb47814a7e5a85269829b0b078ddeec632d0e3ca7d62199b35cbcbf93,ad43775fb47814a7e5a85269829b0b078ddeec632d0e3ca7d62199b35cbcbf93,10cfe187c6835fbbb61a7617217fe81eef5ffddd7269cbba792f1308ce5fbe6c
4,2,3,25,11,100,85,51a9eaaff68a1792070d4ee3513eef407ebb9895761ea5a5ce2cd040739e92db,51a9eaaff68a1792070d4ee3513eef407ebb9895761ea5a5ce2cd040739e92db,fca09b24d3f332f2eab3ad30e30b3cac4e725107a83071c36908f5661c5197c2
4,2,3,35,15,100,89,ad4c18b988a0f8f0f95ff3fd97f5faf1b7d5e11f885d86263faeeab312b7a71c,ad4c18b988a0f8f0f95ff3fd97f5faf1b7d5e11f885d86263faeeab312b7a71c,492e47f4645d8b11659656fb12d376a598aa3e47fbba6770496101bcfdeb1421
4,2,3,85,47,100,70,38d7ce6be58fcda74174d7628824e64a9ae6c672d9800dc288915150fcc4ab80,38d7ce6be58fcda74174d7628824e64a9ae6c672d9800dc288915150fcc4ab80,0ee2d0c7bfaa5c7da9ff31e5cacbcfb1c1142d7e1eb75a3f6d120bc2bec80651
4,2,4,49,28,95,81,1f0947010b568314958d0bf66df534dc40bfa60e111cfab72d397aac12c11b56,217fa84f4f1aead2c896e88f9c940227d09fa4c9affe8bcb009bb17694923b57,8f953e585176282e4f3a87b342e0e2c616150f27ac3a29c25cdf10ad3eda3f1a
4,2,4,58,33,100,78,8d5b6c7506c57096ba7b7a50252e473c12ce09586c92f02b08bee8f7f87624e9,8d5b6c7506c57096ba7b7a50252e473c12ce09586c92f02b08bee8f7f87624e9,0817e58d4e64ad4a1bc7039babc540549731e037b63a2471b407e50aede7335e
4,2,4,62,33,100,68,51bf46937c6bf720811efc3d03ee9eb68df85706f07312f4927f44b16703f27e,51bf46937c6bf720811efc3d03ee9eb68df85706f07312f4927f44b16703f27e,29c7041875bfdf77cec6b6d8ac677074e0c7b6252d67b4b041dc15f3a15928dd
4,2,4,123,72,90,71,4243ce8867fe6551cc834a4f12ec7faf13f06452684fa45470d1cf4188b41ceb,21d0a1d4f1060ba50929e09ce903fa18bf36b4a96cbdc305f5c67650f54a66ec,4ee34fb64abb9674272c099af82370688e7423dfdec8280f3c41ecc5735dea34
4,2,4,107,59,100,76,de1da03252136db0695fd922ed9fe200ea3a9f3792a55aef22de06464cbe4899,de1da03252136db0695fd922ed9fe200ea3a9f3792a55aef22de06464cbe4899,4f51af41e7a126055c6ac0cad71ae654a822176d4f506559dd261806c7c1e849
4,2,4,8,1,81,43,fc9413485dcb4337ea61c125c2e3a84e7ff1c2e6231ab6a9340ea9ef9ddad69b,22c660e66af7067638644ebe921202aaa360ead4e11449ac6d0989c4db127c0b,17ba15a12854be43b0fae0a2ccc24bc8a2f793ca77e1168262487cf92eb6cd0b
4,2,4,90,50,100,82,516f1ebf50d0e5283fb718912b77b6a51aecd9f9d0d4681f7e36c5aa1655a6c6,516f1ebf50d0e5283fb718912b77b6a51aecd9f9d0d4681f7e36c5aa1655a6c6,9f8154152a8099787762f1031f4844d19f7c6079df6269148a500e465a956267
4,2,4,86,34,100,65,5a9d0fd050c54a3287ebb4f3518ef5e3c5e68205b4db0d0ed61bfe0ec6d968a3,5a9d0fd050c54a3287ebb4f3518ef5e3c5e68205b4db0d0ed61bfe0ec6d968a3,68095ca80670ea0a4956554277a068269ea16c6a30b976b7f7a9a4b96d604c22
4,2,4,340,180,100,60,a9bc8de180d8fa5584161cbeead4911fdeacf46628a763f8cdf9e9c82b0c00c2,a9bc8de180d8fa5584161cbeead4911fdeacf46628a763f8cdf9e9c82b0c00c2,5adbcdd3d7dc840ea414400679b29d83c5c1f7b9ed2a9fe92d779d871e8fdaf3
4,2,4,29,15,79,46,a94f62a45d5c595675394295f5788406113e20d7b718355ea172f4345afcbfee,9ecd912f86addf618c4c7a5ad5a26d71af9ae56a9b09d0d72cfe1beb735e3822,bdf5c68d68fa9ffb4db8c07a7586ee0a04d2eece50562cd7af03cdce63b9573e
4,3,2,46,32,100,70,b74f90bbbedb4ac0436fe9572763a9ebdc45d9b0a287b9952236f48cb185fec0,b74f90bbbedb4ac0436fe9572763a9ebdc45d9b0a287b9952236f48cb185fec0,d29205fcf1200d8494b053bdcae896a60f966ddd15ad0c838a87051152ed24e5
4,3,2,109,43,100,70,7c6c5a42869a653db38a2603b8946edfbec0a800cecb8a54c0ec16ab69bcaf4f,7c6c5a42869a653db38a2603b8946edfbec0a800cecb8a54c0ec16ab69bcaf4f,fce7030b5a1ecf48741da937fe88e754da0eda099cf9e38f971538f6ecce4c1f
4,3,2,83,44,100,75,5b891965daf02e3acd395cd81e8b16896b86de1f7cf68878b67866d1dde214bf,5b891965daf02e3acd395cd81e8b16896b86de1f7cf68878b67866d1dde214bf,52ce591b0d6e7e8945767ef7278901cd5065b3e3a84dfe64fc4c348fbc58244d
4,3,2,94,50,100,79,1fbc4348aa6b9542d54d1b53d16b941fe9eca2a38d0587926106b549d7c9fa82,1fbc4348aa6b9542d54d1b53d16b941fe9eca2a38d0587926106b549d7c9fa82,2b7f6894d9915460d55eb6b7f68ac35f94668cb0fc9ffa53ad997867d1158d01
4,3,2,44,21,100,64,31beea7106ad9eb0726c9e52f725bbd5ba4daa106ee56f27eec0c368d1992259,31beea7106ad9eb0726c9e52f725bbd5ba4daa106ee56f27eec0c368d1992259,9e1e6e89f2a0594b7d8b3b57674376c4ce06ea296b4989f8db6a108106e2bf8c
4,3,2,24,14,100,62,ac36ddd5ae24e5e29f0f1c2c999370c92c3ae033c84ba2256128ed647646df1b,ac36ddd5ae24e5e29f0f1c2c999370c92c3ae033c84ba2256128ed647646df1b,2c3940e98c6f61ded7808c85e4a27c477abe6c8ec31eb71ca5fdcf1a775b06d3
4,3,2,57,29,100,62,9e8f0865688a5504624f3ebf31dad8b0fcac56fbd18ec33e1227b9f15ef2bb13,9e8f0865688a5504624f3ebf31dad8b0fcac56fbd18ec33e1227b9f15ef2bb13,4909efa5379fd115f7f7b26feae8ad462e7cbe78981e8cc616d6e666ef806223
4,3,2,45,24,100,62,3fcc5597024d53f81bd200a74748ba8558bdbfadbdbfe8de0a93bbe78687c7b9,3fcc5597024d53f81bd200a74748ba8558bdbfadbdbfe8de0a93bbe78687c7b9,5f67c77ec8087a6bcc5e5eb1052ec63d05a33be5d516ab449354db2b330c0fc6
4,3,2,85,40,100,79,bfcf4a3fd31fd582484bec7105c2f03a85a1bff3efe0c57c9bf1fc7501e8ecad,bfcf4a3fd31fd582484bec7105c2f03a85a1bff3efe0c57c9bf1fc7501e8ecad,9beb0d2cae2f5b683f1627e2360283764b7fbc1aaba0124b0a6737e176aea306
4,3,2,49,31,100,70,e0bae1fb75160737de169ce1cc214d24f7ec88ef1c2da08dff2d85a7365fafde,e0bae1fb75160737de169ce1cc214d24f7ec88ef1c2da08dff2d85a7365fafde,44e7266dd12eb0ec8233825ae9301f063708b3d7d7ee3d7b3c2452ee86f6332c
4,3,3,54,26,100,65,e65d158cfafa0a2fe381398e63c19bc36470449994330d6333a048a251210a88,e65d158cfafa0a2fe381398e63c19bc36470449994330d6333a048a251210a88,7c404a18a7b478d46fd1f9945114d9b66aa3b64a5a44aa9a391dbc3b1a904d95
4,3,3,96,50,100,75,0a8dc660d1efae9f2f999d4b4f11a17783d355eddae810aa3469c3e651485b86,0a8dc660d1efae9f2f999d4b4f11a17783d355eddae810aa3469c3e651485b86,6e42c523e7359f92c255873f51ded0c30f1824f74c21921018505a35643892d9
4,3,3,112,66,100,72,0e9af31e9926a822fd2c4d3ad3a57e7e291c66e2619af1cde06de7049486f860,0e9af31e9926a822fd2c4d3ad3a57e7e291c66e2619af1cde06de7049486f860,abed0e06233e4314e9b25ef2b5c2f9cb6cfea18441d09051a05964b5384494e2
4,3,3,121,58,100,63,8c1be323b38ddacda27cd082b2f9826980335c777846fa2d91360f5d8d450471,8c1be323b38ddacda27cd082b2f9826980335c777846fa2d91360f5d8d450471,976e2084b75b1f052cd457812cb72074bfef6d21e0b5b2d044f933e971173d82
4,3,3,25,10,100,79,9d74105f5cdb436664175069a043861548a85aaac4237a80c3fe8950a7669ea5,9d74105f5cdb436664175069a043861548a85aaac4237a80c3fe8950a7669ea5,608953fcc6507ed1cefb68e9acea91f2ead602c4d16f67eebfb9350a1ee98da3
4,3,3,148,74,100,80,7c39df4de91fa241b9a99ca0838c5535d4115f945007e28d205db83109add792,7c39df4de91fa241b9a99ca0838c5535d4115f945007e28d205db83109add792,ffd2265c3bdecef9f7764da4e760942af8970d94a2f993da52f273f79be27895
4,3,3,173,87,100,72,87106e183bef5f6dfa688432ea902d91832a1ed6f51779c47d62ae9fd17b6741,87106e183bef5f6dfa688432ea902d91832a1ed6f51779c47d62ae9fd17b6741,cb7ff6d53f672a348ec6db54eb86047449b3ef65314cb3e3d2bc11a3d5b624c2
4,3,3,142,75,100,68,0b312e27a3d9749216207272ff2bd5cda266612c8bdfedbadf0b27f66261fb6b,0b312e27a3d9749216207272ff2bd5cda266612c8bdfedbadf0b27f66261fb6b,e40779c4e7d1837b066ba5219d9cbdb5635a41f757f3d0272995030524d99bae
4,3,3,95,45,100,72,eb3a88b91a89eea3f1fa7158f2a3a52d86f4db7e2b249749211f61cbef6c6164,eb3a88b91a89eea3f1fa7158f2a3a52d86f4db7e2b249749211f61cbef6c6164,40195ca9722d32fe6eedb08d26fd8f33dfdc9369cd29b2c1c14415dc1c4f54c7
4,3,3,84,45,100,86,76881f908abc672c3039027af249230ae81ce5523db4eb29aec07304f723e27d,76881f908abc672c3039027af249230ae81ce5523db4eb29aec07304f723e27d,9c9e6beebc065ba4e0584021d0f46114d814bb8285f8ee0b71b11890604b4605
4,3,4,167,93,100,89,36a21824aea8acffa047c0ee0131f558d87ac034bc856e73c6d00fb786098ca5,36a21824aea8acffa047c0ee0131f558d87ac034bc856e73c6d00fb786098ca5,19b12c0574c92f9160066deba24a0dd9bf2505998154243b5c5686d4f008d62f
4,3,4,97,53,100,78,0097293e2e79fecfcc51292248982c7a21e722b74f9072f08bb6f40c9d519fb1,0097293e2e79fecfcc51292248982c7a21e722b74f9072f08bb6f40c9d519fb1,b65de1576c86ee1f81b5d6de333ed67379e5d14f86f1919136e92e0baf68f401
4,3,4,94,42,100,65,e078ab6c64608c21c96e11a9ab330fbde91e2e419b8ca6f3c906554cd89cd66c,e078ab6c64608c21c96e11a9ab330fbde91e2e419b8ca6f3c906554cd89cd66c,20039bf6091557c392f16698546cdc8587feb804a6917982980c93250a555f73
4,3,4,170,87,100,84,6b168f5b1be5f668552a70113e95999a66405e0784008f9df80c9a71a58aa8f8,6b168f5b1be5f668552a70113e95999a66405e0784008f9df80c9a71a58aa8f8,41eafeb324993062e01760fafbe123d4f09fc5ba4086c1171cc9724be192d5b6
4,3,4,74,51,100,95,732727fa03e1abe51b2ce7f5873bb11b2d811623c3339940c2ee51bb9c65c1fd,732727fa03e1abe51b2ce7f5873bb11b2d811623c3339940c2ee51bb9c65c1fd,b5878e3aebdea24934bc266c099997592f386814b67b904f2118171e9ba49821
4,3,4,269,143,100,85,251df1660acb5028bcaa14d697790bdf6c66d97988382d1a26a37d09cba766fb,251df1660acb5028bcaa14d697790bdf6c66d97988382d1a26a37d09cba766fb,a5094747792109821b1fb47a322b8caed9088838bf104ad4a710110f6429b001
4,3,4,130,61,100,62,c05640f7fb25df003e50b2edd10c178f050004986cb62bf9887a005fbecd1c8c,c05640f7fb25df003e50b2edd10c178f050004986cb62bf9887a005fbecd1c8c,5627e9ffb8239c0a5e24b2161f7127ed648036301813194bd3db1bb6ba186ccd
4,3,4,287,145,100,60,9e1e059d83f5fdb57e23e9d26c0097f1c7fcc60ebe85b625b210c5304513c15b,9e1e059d83f5fdb57e23e9d26c0097f1c7fcc60ebe85b625b210c5304513c15b,4599a52546c29d35bded1db16d7e09c9411fed003fa8e3a7b78b55da68cd898a
4,3,4,244,113,100,69,92a3d8a827f343049abfd21ac343851f7483dda966f64fb1b493174393db6738,92a3d8a827f343049abfd21ac343851f7483dda966f64fb1b493174393db6738,9a58dd04af81515e2a81699e9047a8b631bd8e4e073932fbf838dc1fb3b5b9d1
4,3,4,35,26,82,86,12349285b068404b4b1b0e1206ed75425c69d0c8dea48c5d48de259e3e8e2641,53bb34eb40ccd30187f790d42f48483e2da53a8e64cd5b8bc27bf9c87870e7a1,f196d662904d585ca43bc7b63c9f62a7033d57e6c9b68c4d4cddd7d5fdd836bc
4,4,2,76,42,100,57,56a977c13abd08955ea3dc11f547aaab1857a4baed968ae1006271809635efb2,56a977c13abd08955ea3dc11f547aaab1857a4baed968ae1006271809635efb2,39dd66c7e0afefd6c57a4306c2adf03c1963bedec0544f245f1f847e163727df
4,4,2,31,11,100,60,e7e8bc5250be7f4bb75880e6f372deedc330a373cafceba9c1e8945b735f0096,e7e8bc5250be7f4bb75880e6f372deedc330a373cafceba9c1e8945b735f0096,f44e156ef53c06588f0f5f230a505f057d43b4695e063c98894cf7f0bc87c31d
4,4,2,67,38,100,89,088dfe73237cd732d17d2bed70f4bbf66d628d268604429f02cda82c44a4799e,088dfe73237cd732d17d2bed70f4bbf66d628d268604429f02cda82c44a4799e,047e2ebe87a06344e121d24cb2625279da7a8e17b2fb2682d71020adfd15e081
4,4,2,35,21,100,51,d1503c5fd212b92f3d102b3602e364236f8f6204eaaf05bf2e91a8055aa7a705,d1503c5fd212b92f3d102b3602e364236f8f6204eaaf05bf2e91a8055aa7a705,a73ae697f2986d83c826df99e2334600d466e237b1538bb74f90421923aa2d21
4,4,2,51,36,100,85,f7fc16699fb20306841ce9c867f89cbb5e9d66e4b0b5d921ad6eed7e18a46fd9,f7fc16699fb20306841ce9c867f89cbb5e9d66e4b0b5d921ad6eed7e18a46fd9,8fc881cf179ac16cdabaa55cbae28611cb2bf39916b1c1647c3038e8925d7c9d
4,4,2,46,20,100,82,6b4f8f24ac4b8ab22f01ddab89bab1b31a303de341354e773d52ca271bc21995,6b4f8f24ac4b8ab22f01ddab89bab1b31a303de341354e773d52ca271bc21995,0dbf653c4baa7ac9b9b2bff3f903f9e343933fcd4785aa1b369f690b3049fceb
4,4,2,34,12,100,75,05f5b17cb350f0d0f7f1f0707246ad245b3796fbf530b685c381d8f4f200e708,05f5b17cb350f0d0f7f1f0707246ad245b3796fbf530b685c381d8f4f200e708,4d74d2da76bd1103ab7ee86cb3111659821eee2fc00f1a11dd872ec79ab445c5
4,4,2,29,16,100,50,b95cbe7d6979b3ec1a2721d01090e688cf3ba7530d03ae1a8f4db9218de3884c,b95cbe7d6979b3ec1a2721d01090e688cf3ba7530d03ae1a8f4db9218de3884c,89b5b6bce77c3c69b93b098b4eae4c58931e415832f88b405a85e44482449e9b
4,4,2,38,20,100,71,ecc0be709cbb90b13f6fc4d5d71e8d4ad3301fb556bc8b3d4b7ca8d7f15b10ff,ecc0be709cbb90b13f6fc4d5d71e8d4ad3301fb556bc8b3d4b7ca8d7f15b10ff,a1e4617509ec72364a2ea61c52aa2f0b51a06a214bc7f5a6a9f0f55880723b1f
4,4,2,99,50,100,75,110fc8b844d952555c3de8a2767733254960d72acaf5f1eebada22387e562d15,110fc8b844d952555c3de8a2767733254960d72acaf5f1eebada22387e562d15,a9434b74c7c51e21ac316884bf720cd4560f77c20bb193f54ccce435c06702f4
4,4,3,142,79,100,60,20708142702608c5d03b08af323077e17a3711d1a3e5125b0185157ed022735a,20708142702608c5d03b08af323077e17a3711d1a3e5125b0185157ed022735a,edffbed61e686ec5a0976449c33f818355d103c43fb62927b5901bb1403bf268
4,4,3,56,29,100,60,0affb9961e3804e16a03bbe4aa88bde136c00bf12b1119ae9b0f232b1fc7a5e4,0affb9961e3804e16a03bbe4aa88bde136c00bf12b1119ae9b0f232b1fc7a5e4,b1ee91f79936890ae23fd45e88178d3bff55c95354651576d5dc93c877b164aa
4,4,3,249,123,100,73,166744ca3e8356efc3d7168b6c307988046c07ac9aa528ff4f02451b80fe6701,166744ca3e8356efc3d7168b6c307988046c07ac9aa528ff4f02451b80fe6701,d18b52993529f5409dd71e5f771ff343ca507a87d66436e972ef09c7d40b0717
4,4,3,140,77,100,80,ccef82460e705d68cc62971f449763a397b91e1c67a1e52ad0631a4a4c552c21,ccef82460e705d68cc62971f449763a397b91e1c67a1e52ad0631a4a4c552c21,2f0a0f6072d09bddc11d0dd64a57d3e249d1b5fa107c12ebd314a6e40a9188e8
4,4,3,110,52,100,72,756b8ca8b7b7543fba443a2040852f0020b23dfcbd1d00e2c3dd011ef57b2243,756b8ca8b7b7543fba443a2040852f0020b23dfcbd1d00e2c3dd011ef57b2243,ac1b1116b60d8e031ba8623c20522302c5f0e86be376ff238c502ea9ec0d5587
4,4,3,121,44,100,66,3ce1fd8c7152b03d625da5ec6a9e82986cf94abe7b89cb2aa38913efa5db40d4,3ce1fd8c7152b03d625da5ec6a9e82986cf94abe7b89cb2aa38913efa5db40d4,be35a6b96537041daed271b0745f6a8c689e4c5a09bd9f102adf46ba3926801b
4,4,3,133,57,100,63,ad3ec2896685bfe42518dd5ed29cfdfed112795aa2c2257f100577d692aa3e2e,ad3ec2896685bfe42518dd5ed29cfdfed112795aa2c2257f100577d692aa3e2e,939bc6cf1046c1b41e1fb507ac656fed961e456ff72bebffe6c2ba7fa97c5efc
4,4,3,74,45,100,85,cfa20774b2e9c0d110fca7e4f65e981a0faad679f3b0f681765b8c4db880a216,cfa20774b2e9c0d110fca7e4f65e981a0faad679f3b0f681765b8c4db880a216,f0b18719c5985082a78d157598b292b4b381ebfd493918bee2fe7efc4925bd89
4,4,3,157,75,100,77,1847cb0694d5d4fd1ef54b0a9514d2be631739bfaf4ec4bed153c5376caf7c10,1847cb0694d5d4fd1ef54b0a9514d2be631739bfaf4ec4bed153c5376caf7c10,82a4a73d103ba8fa02f5c5bf00dce906c1703d4f0b6f1f08c7c45fec275a3b1a
4,4,3,110,59,100,70,3ea6608943b4f50c3f926f3997bcdfca3e205efc7cf7715757d540109e0e89bb,3ea6608943b4f50c3f926f3997bcdfca3e205efc7cf7715757d540109e0e89bb,fb42a28de6229866312078b7807bc64dc0405f58e33a6c3d7eb58837ad37bc99
4,4,4,124,64,100,75,5d0a4af636b44498dc9bd1267d6d6213f301d70bc9c9b05b8df937d32d463f5b,5d0a4af636b44498dc9bd1267d6d6213f301d70bc9c9b05b8df937d32d463f5b,1b2b063380416a1065fdedaba69862576e59787b061d7f15551592ed1de7298d
4,4,4,120,56,100,62,2dee7f11730fe86b727638cbe5ebf77e60c498cffd92df7214384d018c85de49,2dee7f11730fe86b727638cbe5ebf77e60c498cffd92df7214384d018c85de49,4c94af39893d806dff78ccd15ff2b9a7330aa2aa0e943247a90a3fd888138a02
4,4,4,181,92,100,71,20cd188a2d13246ffcb172ea268577f3e66e969bce1cedfa81584dac8ed09c27,20cd188a2d13246ffcb172ea268577f3e66e969bce1cedfa81584dac8ed09c27,6757c721c6c589d61e5603ad37ffd76be5d1cf3f8e8893f6dc2170ca0229d16a
4,4,4,112,46,100,64,e4010ce132b6ecf6a570c984e1916fe1dd79e145109f338e06b0998eeaf98885,e4010ce132b6ecf6a570c984e1916fe1dd79e145109f338e06b0998eeaf98885,164e4b45b489db7925c475868efa04553752acbebcf03cc5828774783ae776af
4,4,4,179,95,100,55,608fa97aba65f3818f8c7f92b0118b6b84e7a2d46148d4f8a51a36f43ac82c28,608fa97aba65f3818f8c7f92b0118b6b84e7a2d46148d4f8a51a36f43ac82c28,ca9927a1e9ef90f15d8935a0b979dc687c0cdd8b9e60d0b2824ea6d57cae8bba
4,4,4,250,138,100,68,367bd9c931cbc5c04ef55a712f86520038a82c0f2414a31a5b52c4a3992e39fd,367bd9c931cbc5c04ef55a712f86520038a82c0f2414a31a5b52c4a3992e39fd,6142df7fe62ffcc81cea25e0bb268b57228804174603ca48b3e1b235bae04047
4,4,4,259,138,100,71,b814f18776eacc1de96adda4bf807098ac431c58151b3c88c5ba0a7c4f9aa953,b814f18776eacc1de96adda4bf807098ac431c58151b3c88c5ba0a7c4f9aa953,0a76a1c7dbc2ab85babd0cdc5d1039212efeef1affbd77ed5feb9e502d7c4de2
4,4,4,251,144,100,81,82a91875090f222f39c11ce6f6feaed1364e0a79703e8e6f95f821a26b3eb920,82a91875090f222f39c11ce6f6feaed1364e0a79703e8e6f95f821a26b3eb920,9650cb71afc1e4a24dd551e2c573b28095583d40ae50179d759f8ef99156ae3d
4,4,4,97,53,100,71,15feaed8b3c34fef3c193d39b4d9b4969c1120b0befbe8546c5a39026306627c,15feaed8b3c34fef3c193d39b4d9b4969c1120b0befbe8546c5a39026306627c,cd6b28a1ddf7db3fd24b07a5cc386c398601de5a18c399baedbdb1f9d273913f
4,4,4,131,72,100,75,d1b564eb603f1824bee952209ca3f52c9c85062cafeb06cbea4bedf0e03f2bf0,d1b564eb603f1824bee952209ca3f52c9c85062cafeb06cbea4bedf0e03f2bf0,c1b66de28303d81b46ea925e30b7a440076fc2f09139c179bc8d79a85f086588
